{
  "IsEncrypted": false,
  "Values": {
    "AzureWebJobsStorage": "https://safuncrz7lef4qi3zb6.blob.core.windows.net",
    "FUNCTIONS_WORKER_RUNTIME": "dotnet-isolated",
    "CosmosDbDatabase": "chats",
    "CosmosDbDocumentContainer": "documentsperthread",
    "CosmosDbThreadContainer": "threadhistory",
    "CosmosDbDocumentLease": "documentsperthreadlease",
    "CosmosDbThreadLease": "threadhistorylease",
    "CosmosDbConnection__accountEndpoint": "https://cosmos-rz7lef4qi3zb6.documents.azure.com:443/",
    "MyCosmosConnection": "https://cosmos-rz7lef4qi3zb6.documents.azure.com:443/",
    "ThreadCleanupCron": "0 0 * * * *",
    "AZURE_TENANT_ID": "f903e023-a92d-4561-9a3b-d8429e3fa1fd",
    "StorageServiceUri": "https://sarz7lef4qi3zb6.blob.core.windows.net",
    "StorageAccountName": "sabnub5mmkxwtze",
    "StorageContainerName": "documents",
    "SearchEndPoint": "https://aisearch-rz7lef4qi3zb6.search.windows.net/",
    "SearchIndexName": "onyourdata",
    "SearchIndexerName": "onyourdata-indexer",
    "SearchDataSourceName": "onyourdata-datasource",
    "OpenAIEndPoint": "https://openai-rz7lef4qi3zb6.openai.azure.com/",
    "OpenAIEmbeddingModel": "text-embedding-ada-002",
    "ASPNETCORE_ENVIRONMENT": "Development"
  }
}